[{
	"ID": 1,
	"ISO3": "afg",
	"name1": "Afghanistan",
	"name2": "Islamic State of Afghanistan",
	"name3": "",
	"name4": "",
	"name5": "",
	"name6": "",
	"name7": ""
}, {
	"ID": 2,
	"ISO3": "ala",
	"name1": "Aland Islands",
	"name2": "",
	"name3": "",
	"name4": "",
	"name5": "",
	"name6": "",
	"name7": ""
}, {
	"ID": 3,
	"ISO3": "alb",
	"name1": "Albania",
	"name2": "Republic of Albania",
	"name3": "",
	"name4": "",
	"name5": "",
	"name6": "",
	"name7": ""
}, {
	"ID": 4,
	"ISO3": "dza",
	"name1": "Algeria",
	"name2": "People's Democratic Republic of Algeria",
	"name3": "",
	"name4": "",
	"name5": "",
	"name6": "",
	"name7": ""
}, {
	"ID": 5,
	"ISO3": "asm",
	"name1": "American Samoa",
	"name2": "Territory of American Samoa",
	"name3": "",
	"name4": "",
	"name5": "",
	"name6": "",
	"name7": ""
}, {
	"ID": 6,
	"ISO3": "and",
	"name1": "Andorra",
	"name2": "Principality of Andorra",
	"name3": "",
	"name4": "",
	"name5": "",
	"name6": "",
	"name7": ""
}, {
	"ID": 7,
	"ISO3": "ago",
	"name1": "Angola",
	"name2": "Republic of Angola",
	"name3": "",
	"name4": "",
	"name5": "",
	"name6": "",
	"name7": ""
}, {
	"ID": 8,
	"ISO3": "aia",
	"name1": "Anguilla",
	"name2": "",
	"name3": "",
	"name4": "",
	"name5": "",
	"name6": "",
	"name7": ""
}, {
	"ID": 9,
	"ISO3": "ata",
	"name1": "Antarctica",
	"name2": "",
	"name3": "",
	"name4": "",
	"name5": "",
	"name6": "",
	"name7": ""
}, {
	"ID": 10,
	"ISO3": "atg",
	"name1": "Antigua and Barbuda",
	"name2": "",
	"name3": "",
	"name4": "",
	"name5": "",
	"name6": "",
	"name7": ""
}, {
	"ID": 11,
	"ISO3": "arg",
	"name1": "Argentina",
	"name2": "Argentine Republic",
	"name3": "",
	"name4": "",
	"name5": "",
	"name6": "",
	"name7": ""
}, {
	"ID": 12,
	"ISO3": "arm",
	"name1": "Armenia",
	"name2": "Republic of Armenia",
	"name3": "",
	"name4": "",
	"name5": "",
	"name6": "",
	"name7": ""
}, {
	"ID": 13,
	"ISO3": "abw",
	"name1": "Aruba",
	"name2": "",
	"name3": "",
	"name4": "",
	"name5": "",
	"name6": "",
	"name7": ""
}, {
	"ID": 277,
	"ISO3": "",
	"name1": "Ascension Island",
	"name2": "",
	"name3": "",
	"name4": "",
	"name5": "",
	"name6": "",
	"name7": ""
}, {
	"ID": 253,
	"ISO3": "",
	"name1": "Ashmore and Cartier Islands",
	"name2": "Territory of Ashmore and Cartier Islands",
	"name3": "",
	"name4": "",
	"name5": "",
	"name6": "",
	"name7": ""
}, {
	"ID": 14,
	"ISO3": "aus",
	"name1": "Australia",
	"name2": "Commonwealth of Australia",
	"name3": "",
	"name4": "",
	"name5": "",
	"name6": "",
	"name7": ""
}, {
	"ID": 15,
	"ISO3": "aut",
	"name1": "Austria",
	"name2": "Republic of Austria",
	"name3": "",
	"name4": "",
	"name5": "",
	"name6": "",
	"name7": ""
}, {
	"ID": 16,
	"ISO3": "aze",
	"name1": "Azerbaijan",
	"name2": "Republic of Azerbaijan",
	"name3": "",
	"name4": "",
	"name5": "",
	"name6": "",
	"name7": ""
}, {
	"ID": 17,
	"ISO3": "bhs",
	"name1": "Bahamas",
	"name2": "Bahamas, The",
	"name3": "Commonwealth of the Bahamas",
	"name4": "The Bahamas",
	"name5": "",
	"name6": "",
	"name7": ""
}, {
	"ID": 18,
	"ISO3": "bhr",
	"name1": "Bahrain",
	"name2": "State of Bahrain",
	"name3": "",
	"name4": "",
	"name5": "",
	"name6": "",
	"name7": ""
}, {
	"ID": 254,
	"ISO3": "",
	"name1": "Baker Island",
	"name2": "",
	"name3": "",
	"name4": "",
	"name5": "",
	"name6": "",
	"name7": ""
}, {
	"ID": 19,
	"ISO3": "bgd",
	"name1": "Bangladesh",
	"name2": "People's Republic of Bangladesh",
	"name3": "",
	"name4": "",
	"name5": "",
	"name6": "",
	"name7": ""
}, {
	"ID": 20,
	"ISO3": "brb",
	"name1": "Barbados",
	"name2": "",
	"name3": "",
	"name4": "",
	"name5": "",
	"name6": "",
	"name7": ""
}, {
	"ID": 255,
	"ISO3": "",
	"name1": "Bassas da India",
	"name2": "",
	"name3": "",
	"name4": "",
	"name5": "",
	"name6": "",
	"name7": ""
}, {
	"ID": 21,
	"ISO3": "blr",
	"name1": "Belarus",
	"name2": "Republic of Belarus",
	"name3": "",
	"name4": "",
	"name5": "",
	"name6": "",
	"name7": ""
}, {
	"ID": 22,
	"ISO3": "bel",
	"name1": "Belgium",
	"name2": "Kingdom of Belgium",
	"name3": "",
	"name4": "",
	"name5": "",
	"name6": "",
	"name7": ""
}, {
	"ID": 23,
	"ISO3": "blz",
	"name1": "Belize",
	"name2": "",
	"name3": "",
	"name4": "",
	"name5": "",
	"name6": "",
	"name7": ""
}, {
	"ID": 24,
	"ISO3": "ben",
	"name1": "Benin",
	"name2": "Republic of Benin",
	"name3": "",
	"name4": "",
	"name5": "",
	"name6": "",
	"name7": ""
}, {
	"ID": 25,
	"ISO3": "bmu",
	"name1": "Bermuda",
	"name2": "",
	"name3": "",
	"name4": "",
	"name5": "",
	"name6": "",
	"name7": ""
}, {
	"ID": 26,
	"ISO3": "btn",
	"name1": "Bhutan",
	"name2": "Kingdom of Bhutan",
	"name3": "",
	"name4": "",
	"name5": "",
	"name6": "",
	"name7": ""
}, {
	"ID": 27,
	"ISO3": "bol",
	"name1": "Bolivia, Plurinational State of",
	"name2": "Bolivia (Plurinational State of)",
	"name3": "Bolivia",
	"name4": "Republic of Bolivia",
	"name5": "",
	"name6": "",
	"name7": ""
}, {
	"ID": 28,
	"ISO3": "bes",
	"name1": "Bonaire, Saint Eustatius and Saba",
	"name2": "",
	"name3": "",
	"name4": "",
	"name5": "",
	"name6": "",
	"name7": ""
}, {
	"ID": 278,
	"ISO3": "",
	"name1": "Bonaire, Sint Eustatius and Saba",
	"name2": "",
	"name3": "",
	"name4": "",
	"name5": "",
	"name6": "",
	"name7": ""
}, {
	"ID": 29,
	"ISO3": "bih",
	"name1": "Bosnia and Herzegovina",
	"name2": "Bosnia-Herzegovina",
	"name3": "Bosnia Herzegovena",
	"name4": "",
	"name5": "",
	"name6": "",
	"name7": ""
}, {
	"ID": 30,
	"ISO3": "bwa",
	"name1": "Botswana",
	"name2": "Republic of Botswana",
	"name3": "",
	"name4": "",
	"name5": "",
	"name6": "",
	"name7": ""
}, {
	"ID": 31,
	"ISO3": "",
	"name1": "Bouvet Island",
	"name2": "",
	"name3": "",
	"name4": "",
	"name5": "",
	"name6": "",
	"name7": ""
}, {
	"ID": 32,
	"ISO3": "bra",
	"name1": "Brazil",
	"name2": "Federative Republic of Brazil",
	"name3": "",
	"name4": "",
	"name5": "",
	"name6": "",
	"name7": ""
}, {
	"ID": 33,
	"ISO3": "iot",
	"name1": "British Indian Ocean Territory",
	"name2": "",
	"name3": "",
	"name4": "",
	"name5": "",
	"name6": "",
	"name7": ""
}, {
	"ID": 34,
	"ISO3": "brn",
	"name1": "Brunei Darussalam",
	"name2": "Brunei",
	"name3": "Negara Brunei Darussalam",
	"name4": "",
	"name5": "",
	"name6": "",
	"name7": ""
}, {
	"ID": 35,
	"ISO3": "bgr",
	"name1": "Bulgaria",
	"name2": "",
	"name3": "",
	"name4": "",
	"name5": "",
	"name6": "",
	"name7": ""
}, {
	"ID": 36,
	"ISO3": "bfa",
	"name1": "Burkina Faso",
	"name2": "",
	"name3": "",
	"name4": "",
	"name5": "",
	"name6": "",
	"name7": ""
}, {
	"ID": 37,
	"ISO3": "bdi",
	"name1": "Burundi",
	"name2": "Republic of Burundi",
	"name3": "",
	"name4": "",
	"name5": "",
	"name6": "",
	"name7": ""
}, {
	"ID": 38,
	"ISO3": "khm",
	"name1": "Cambodia",
	"name2": "Kingdom of Cambodia",
	"name3": "",
	"name4": "",
	"name5": "",
	"name6": "",
	"name7": ""
}, {
	"ID": 39,
	"ISO3": "cmr",
	"name1": "Cameroon",
	"name2": "Republic of Cameroon",
	"name3": "",
	"name4": "",
	"name5": "",
	"name6": "",
	"name7": ""
}, {
	"ID": 40,
	"ISO3": "can",
	"name1": "Canada",
	"name2": "",
	"name3": "",
	"name4": "",
	"name5": "",
	"name6": "",
	"name7": ""
}, {
	"ID": 41,
	"ISO3": "cpv",
	"name1": "Cape Verde",
	"name2": "Republic of Cape Verde",
	"name3": "",
	"name4": "",
	"name5": "",
	"name6": "",
	"name7": ""
}, {
	"ID": 42,
	"ISO3": "cym",
	"name1": "Cayman Islands",
	"name2": "",
	"name3": "",
	"name4": "",
	"name5": "",
	"name6": "",
	"name7": ""
}, {
	"ID": 43,
	"ISO3": "caf",
	"name1": "Central African Republic",
	"name2": "Central African Rep.",
	"name3": "",
	"name4": "",
	"name5": "",
	"name6": "",
	"name7": ""
}, {
	"ID": 44,
	"ISO3": "tcd",
	"name1": "Chad",
	"name2": "Republic of Chad",
	"name3": "",
	"name4": "",
	"name5": "",
	"name6": "",
	"name7": ""
}, {
	"ID": 250,
	"ISO3": "",
	"name1": "Channel Islands",
	"name2": "",
	"name3": "",
	"name4": "",
	"name5": "",
	"name6": "",
	"name7": ""
}, {
	"ID": 45,
	"ISO3": "chl",
	"name1": "Chile",
	"name2": "Republic of Chile",
	"name3": "",
	"name4": "",
	"name5": "",
	"name6": "",
	"name7": ""
}, {
	"ID": 46,
	"ISO3": "chn",
	"name1": "China",
	"name2": "People's Republic of China",
	"name3": "PRC",
	"name4": "",
	"name5": "",
	"name6": "",
	"name7": ""
}, {
	"ID": 47,
	"ISO3": "",
	"name1": "Christmas Island",
	"name2": "Territory of Christmas Island",
	"name3": "",
	"name4": "",
	"name5": "",
	"name6": "",
	"name7": ""
}, {
	"ID": 256,
	"ISO3": "clp",
	"name1": "Clipperton Island",
	"name2": "",
	"name3": "",
	"name4": "",
	"name5": "",
	"name6": "",
	"name7": ""
}, {
	"ID": 48,
	"ISO3": "",
	"name1": "Cocos (Keeling) Islands",
	"name2": "Territory of Cocos (Keeling) Islands",
	"name3": "Keeling Islands",
	"name4": "Cocos Islands",
	"name5": "",
	"name6": "",
	"name7": ""
}, {
	"ID": 49,
	"ISO3": "col",
	"name1": "Colombia",
	"name2": "Republic of Colombia",
	"name3": "",
	"name4": "",
	"name5": "",
	"name6": "",
	"name7": ""
}, {
	"ID": 50,
	"ISO3": "com",
	"name1": "Comoros",
	"name2": "Federal Islamic Republic of the Comoros",
	"name3": "",
	"name4": "",
	"name5": "",
	"name6": "",
	"name7": ""
}, {
	"ID": 51,
	"ISO3": "cog",
	"name1": "Congo",
	"name2": "Congo (Brazzaville)",
	"name3": "Republic of the Congo",
	"name4": "Congo, Republic of the",
	"name5": "The Republic of the Congo",
	"name6": "Congo, Rep.",
	"name7": "Republic of Congo",
	"name8": "Congo, Republic of"
}, {
	"ID": 52,
	"ISO3": "cod",
	"name1": "Congo, The Democratic Republic of the",
	"name2": "Democratic Republic of the Congo",
	"name3": "Congo (Kinshasa)",
	"name4": "Congo, Democratic Republic of the",
	"name5": "The Democratic Republic of the Congo",
	"name6": "Congo, Dem. Rep.",
	"name7": "Democratic Republic of Congo",
	"name8": "Congo, Democratic Republic of"
}, {
	"ID": 53,
	"ISO3": "cok",
	"name1": "Cook Islands",
	"name2": "",
	"name3": "",
	"name4": "",
	"name5": "",
	"name6": "",
	"name7": ""
}, {
	"ID": 257,
	"ISO3": "",
	"name1": "Coral Sea Islands",
	"name2": "Coral Sea Islands Territory",
	"name3": "",
	"name4": "",
	"name5": "",
	"name6": "",
	"name7": ""
}, {
	"ID": 54,
	"ISO3": "cri",
	"name1": "Costa Rica",
	"name2": "Republic of Costa Rica",
	"name3": "",
	"name4": "",
	"name5": "",
	"name6": "",
	"name7": ""
}, {
	"ID": 55,
	"ISO3": "civ",
	"name1": "Cote d'Ivoire",
	"name2": "Republic of Cote D'Ivoire",
	"name3": "Ivory Coast",
	"name4": "Cote d Ivoire",
	"name5": "",
	"name6": "",
	"name7": ""
}, {
	"ID": 56,
	"ISO3": "hrv",
	"name1": "Croatia",
	"name2": "Republic of Croatia",
	"name3": "",
	"name4": "",
	"name5": "",
	"name6": "",
	"name7": ""
}, {
	"ID": 57,
	"ISO3": "cub",
	"name1": "Cuba",
	"name2": "Republic of Cuba",
	"name3": "",
	"name4": "",
	"name5": "",
	"name6": "",
	"name7": ""
}, {
	"ID": 58,
	"ISO3": "cuw",
	"name1": "Curacao",
	"name2": "",
	"name3": "",
	"name4": "",
	"name5": "",
	"name6": "",
	"name7": ""
}, {
	"ID": 59,
	"ISO3": "cyp",
	"name1": "Cyprus",
	"name2": "Republic of Cyprus",
	"name3": "",
	"name4": "",
	"name5": "",
	"name6": "",
	"name7": ""
}, {
	"ID": 60,
	"ISO3": "cze",
	"name1": "Czech Republic",
	"name2": "",
	"name3": "",
	"name4": "",
	"name5": "",
	"name6": "",
	"name7": ""
}, {
	"ID": 61,
	"ISO3": "dnk",
	"name1": "Denmark",
	"name2": "Kingdom of Denmark",
	"name3": "",
	"name4": "",
	"name5": "",
	"name6": "",
	"name7": ""
}, {
	"ID": 62,
	"ISO3": "dji",
	"name1": "Djibouti",
	"name2": "Republic of Djibouti",
	"name3": "",
	"name4": "",
	"name5": "",
	"name6": "",
	"name7": ""
}, {
	"ID": 63,
	"ISO3": "dma",
	"name1": "Dominica",
	"name2": "Commonwealth of Dominica",
	"name3": "",
	"name4": "",
	"name5": "",
	"name6": "",
	"name7": ""
}, {
	"ID": 64,
	"ISO3": "dom",
	"name1": "Dominican Republic",
	"name2": "",
	"name3": "",
	"name4": "",
	"name5": "",
	"name6": "",
	"name7": ""
}, {
	"ID": 65,
	"ISO3": "ecu",
	"name1": "Ecuador",
	"name2": "Republic of Ecuador",
	"name3": "",
	"name4": "",
	"name5": "",
	"name6": "",
	"name7": ""
}, {
	"ID": 66,
	"ISO3": "egy",
	"name1": "Egypt",
	"name2": "Arab Republic of Egypt",
	"name3": "Egypt, Arab Rep.",
	"name4": "",
	"name5": "",
	"name6": "",
	"name7": ""
}, {
	"ID": 67,
	"ISO3": "slv",
	"name1": "El Salvador",
	"name2": "Republic of El Salvador",
	"name3": "",
	"name4": "",
	"name5": "",
	"name6": "",
	"name7": ""
}, {
	"ID": 68,
	"ISO3": "gnq",
	"name1": "Equatorial Guinea",
	"name2": "Republic of Equatorial Guinea",
	"name3": "",
	"name4": "",
	"name5": "",
	"name6": "",
	"name7": ""
}, {
	"ID": 69,
	"ISO3": "eri",
	"name1": "Eritrea",
	"name2": "State of Eritrea",
	"name3": "",
	"name4": "",
	"name5": "",
	"name6": "",
	"name7": ""
}, {
	"ID": 70,
	"ISO3": "est",
	"name1": "Estonia",
	"name2": "Republic of Estonia",
	"name3": "",
	"name4": "",
	"name5": "",
	"name6": "",
	"name7": ""
}, {
	"ID": 71,
	"ISO3": "eth",
	"name1": "Ethiopia",
	"name2": "Federal Democratic Republic of Ethiopia",
	"name3": "",
	"name4": "",
	"name5": "",
	"name6": "",
	"name7": ""
}, {
	"ID": 258,
	"ISO3": "",
	"name1": "Europa Island",
	"name2": "",
	"name3": "",
	"name4": "",
	"name5": "",
	"name6": "",
	"name7": ""
}, {
	"ID": 279,
	"ISO3": "",
	"name1": "European Union",
	"name2": "",
	"name3": "",
	"name4": "",
	"name5": "",
	"name6": "",
	"name7": ""
}, {
	"ID": 72,
	"ISO3": "flk",
	"name1": "Falkland Islands (Malvinas)",
	"name2": "Falkland Islands (Islas Malvinas)",
	"name3": "",
	"name4": "",
	"name5": "",
	"name6": "",
	"name7": ""
}, {
	"ID": 73,
	"ISO3": "fro",
	"name1": "Faroe Islands",
	"name2": "Faeroe Islands",
	"name3": "",
	"name4": "",
	"name5": "",
	"name6": "",
	"name7": ""
}, {
	"ID": 74,
	"ISO3": "fji",
	"name1": "Fiji",
	"name2": "Republic of the Fiji Islands",
	"name3": "",
	"name4": "",
	"name5": "",
	"name6": "",
	"name7": ""
}, {
	"ID": 75,
	"ISO3": "fin",
	"name1": "Finland",
	"name2": "Republic of Finland",
	"name3": "",
	"name4": "",
	"name5": "",
	"name6": "",
	"name7": ""
}, {
	"ID": 76,
	"ISO3": "fra",
	"name1": "France",
	"name2": "French Republic",
	"name3": "France (metropolitan)",
	"name4": "",
	"name5": "",
	"name6": "",
	"name7": ""
}, {
	"ID": 77,
	"ISO3": "guf",
	"name1": "French Guiana",
	"name2": "Department of Guiana",
	"name3": "French Guyana",
	"name4": "",
	"name5": "",
	"name6": "",
	"name7": ""
}, {
	"ID": 78,
	"ISO3": "pyf",
	"name1": "French Polynesia",
	"name2": "Territory of French Polynesia",
	"name3": "",
	"name4": "",
	"name5": "",
	"name6": "",
	"name7": ""
}, {
	"ID": 79,
	"ISO3": "atf",
	"name1": "French Southern Territories",
	"name2": "French Southern and Antarctic Lands",
	"name3": "Territory of the French Southern and Antarctic Lands",
	"name4": "",
	"name5": "",
	"name6": "",
	"name7": ""
}, {
	"ID": 80,
	"ISO3": "gab",
	"name1": "Gabon",
	"name2": "Gabonese Republic",
	"name3": "",
	"name4": "",
	"name5": "",
	"name6": "",
	"name7": ""
}, {
	"ID": 81,
	"ISO3": "gmb",
	"name1": "Gambia",
	"name2": "Gambia, The",
	"name3": "Republic of the Gambia",
	"name4": "The Gambia",
	"name5": "",
	"name6": "",
	"name7": ""
}, {
	"ID": 259,
	"ISO3": "gaza",
	"name1": "Gaza Strip",
	"name2": "Gaza",
	"name3": "",
	"name4": "",
	"name5": "",
	"name6": "",
	"name7": ""
}, {
	"ID": 82,
	"ISO3": "geo",
	"name1": "Georgia",
	"name2": "",
	"name3": "",
	"name4": "",
	"name5": "",
	"name6": "",
	"name7": ""
}, {
	"ID": 83,
	"ISO3": "deu",
	"name1": "Germany",
	"name2": "Federal Republic of Germany",
	"name3": "",
	"name4": "",
	"name5": "",
	"name6": "",
	"name7": ""
}, {
	"ID": 84,
	"ISO3": "gha",
	"name1": "Ghana",
	"name2": "Republic of Ghana",
	"name3": "",
	"name4": "",
	"name5": "",
	"name6": "",
	"name7": ""
}, {
	"ID": 85,
	"ISO3": "gib",
	"name1": "Gibraltar",
	"name2": "",
	"name3": "",
	"name4": "",
	"name5": "",
	"name6": "",
	"name7": ""
}, {
	"ID": 260,
	"ISO3": "",
	"name1": "Glorioso Islands",
	"name2": "",
	"name3": "",
	"name4": "",
	"name5": "",
	"name6": "",
	"name7": ""
}, {
	"ID": 86,
	"ISO3": "grc",
	"name1": "Greece",
	"name2": "Hellenic Republic",
	"name3": "",
	"name4": "",
	"name5": "",
	"name6": "",
	"name7": ""
}, {
	"ID": 87,
	"ISO3": "grl",
	"name1": "Greenland",
	"name2": "",
	"name3": "",
	"name4": "",
	"name5": "",
	"name6": "",
	"name7": ""
}, {
	"ID": 88,
	"ISO3": "grd",
	"name1": "Grenada",
	"name2": "",
	"name3": "",
	"name4": "",
	"name5": "",
	"name6": "",
	"name7": ""
}, {
	"ID": 89,
	"ISO3": "glp",
	"name1": "Guadeloupe",
	"name2": "Department of Guadeloupe",
	"name3": "France, Guadeloupe",
	"name4": "",
	"name5": "",
	"name6": "",
	"name7": ""
}, {
	"ID": 90,
	"ISO3": "gum",
	"name1": "Guam",
	"name2": "Territory of Guam",
	"name3": "",
	"name4": "",
	"name5": "",
	"name6": "",
	"name7": ""
}, {
	"ID": 91,
	"ISO3": "gtm",
	"name1": "Guatemala",
	"name2": "Republic of Guatemala",
	"name3": "",
	"name4": "",
	"name5": "",
	"name6": "",
	"name7": ""
}, {
	"ID": 92,
	"ISO3": "ggy",
	"name1": "Guernsey",
	"name2": "Bailiwick of Guernsey",
	"name3": "",
	"name4": "",
	"name5": "",
	"name6": "",
	"name7": ""
}, {
	"ID": 93,
	"ISO3": "gin",
	"name1": "Guinea",
	"name2": "Republic of Guinea",
	"name3": "",
	"name4": "",
	"name5": "",
	"name6": "",
	"name7": ""
}, {
	"ID": 94,
	"ISO3": "gnb",
	"name1": "Guinea-Bissau",
	"name2": "Republic of Guinea-Bissau",
	"name3": "Guinea Bissau",
	"name4": "",
	"name5": "",
	"name6": "",
	"name7": ""
}, {
	"ID": 95,
	"ISO3": "guy",
	"name1": "Guyana",
	"name2": "Co-operative Republic of Guyana",
	"name3": "",
	"name4": "",
	"name5": "",
	"name6": "",
	"name7": ""
}, {
	"ID": 96,
	"ISO3": "hti",
	"name1": "Haiti",
	"name2": "Republic of Haiti",
	"name3": "",
	"name4": "",
	"name5": "",
	"name6": "",
	"name7": ""
}, {
	"ID": 97,
	"ISO3": "",
	"name1": "Heard Island and Mcdonald Islands",
	"name2": "Territory of Heard Island and McDonald Islands",
	"name3": "",
	"name4": "",
	"name5": "",
	"name6": "",
	"name7": ""
}, {
	"ID": 98,
	"ISO3": "vat",
	"name1": "Holy See (Vatican City State)",
	"name2": "Holy See",
	"name3": "Vatican City",
	"name4": "State of the Vatican City",
	"name5": "Holy See (Vatican City)",
	"name6": "",
	"name7": ""
}, {
	"ID": 99,
	"ISO3": "hnd",
	"name1": "Honduras",
	"name2": "Republic of Honduras",
	"name3": "",
	"name4": "",
	"name5": "",
	"name6": "",
	"name7": ""
}, {
	"ID": 100,
	"ISO3": "hkg",
	"name1": "Hong Kong",
	"name2": "China, Hong Kong Special Administrative Region",
	"name3": "Hong Kong S.A.R.",
	"name4": "Hong Kong Special Administrative Region",
	"name5": "Hong Kong Special Administrative Region of China",
	"name6": "Hong Kong SAR, China",
	"name7": ""
}, {
	"ID": 261,
	"ISO3": "",
	"name1": "Howland Island",
	"name2": "",
	"name3": "",
	"name4": "",
	"name5": "",
	"name6": "",
	"name7": ""
}, {
	"ID": 101,
	"ISO3": "hun",
	"name1": "Hungary",
	"name2": "Republic of Hungary",
	"name3": "",
	"name4": "",
	"name5": "",
	"name6": "",
	"name7": ""
}, {
	"ID": 102,
	"ISO3": "isl",
	"name1": "Iceland",
	"name2": "Republic of Iceland",
	"name3": "",
	"name4": "",
	"name5": "",
	"name6": "",
	"name7": ""
}, {
	"ID": 103,
	"ISO3": "ind",
	"name1": "India",
	"name2": "Republic of India",
	"name3": "",
	"name4": "",
	"name5": "",
	"name6": "",
	"name7": ""
}, {
	"ID": 104,
	"ISO3": "idn",
	"name1": "Indonesia",
	"name2": "Republic of Indonesia",
	"name3": "",
	"name4": "",
	"name5": "",
	"name6": "",
	"name7": ""
}, {
	"ID": 105,
	"ISO3": "irn",
	"name1": "Iran, Islamic Republic of",
	"name2": "Iran (Islamic Republic of)",
	"name3": "Iran",
	"name4": "Islamic Republic of Iran",
	"name5": "Iran, Islamic Rep.",
	"name6": "",
	"name7": ""
}, {
	"ID": 106,
	"ISO3": "irq",
	"name1": "Iraq",
	"name2": "Republic of Iraq",
	"name3": "",
	"name4": "",
	"name5": "",
	"name6": "",
	"name7": ""
}, {
	"ID": 107,
	"ISO3": "irl",
	"name1": "Ireland",
	"name2": "",
	"name3": "",
	"name4": "",
	"name5": "",
	"name6": "",
	"name7": ""
}, {
	"ID": 108,
	"ISO3": "imn",
	"name1": "Isle of Man",
	"name2": "",
	"name3": "",
	"name4": "",
	"name5": "",
	"name6": "",
	"name7": ""
}, {
	"ID": 109,
	"ISO3": "isr",
	"name1": "Israel",
	"name2": "State of Israel",
	"name3": "",
	"name4": "",
	"name5": "",
	"name6": "",
	"name7": ""
}, {
	"ID": 110,
	"ISO3": "ita",
	"name1": "Italy",
	"name2": "Italian Republic",
	"name3": "",
	"name4": "",
	"name5": "",
	"name6": "",
	"name7": ""
}, {
	"ID": 111,
	"ISO3": "jam",
	"name1": "Jamaica",
	"name2": "",
	"name3": "",
	"name4": "",
	"name5": "",
	"name6": "",
	"name7": ""
}, {
	"ID": 262,
	"ISO3": "",
	"name1": "Jan Mayen",
	"name2": "",
	"name3": "",
	"name4": "",
	"name5": "",
	"name6": "",
	"name7": ""
}, {
	"ID": 112,
	"ISO3": "jpn",
	"name1": "Japan",
	"name2": "",
	"name3": "",
	"name4": "",
	"name5": "",
	"name6": "",
	"name7": ""
}, {
	"ID": 263,
	"ISO3": "",
	"name1": "Jarvis Island",
	"name2": "",
	"name3": "",
	"name4": "",
	"name5": "",
	"name6": "",
	"name7": ""
}, {
	"ID": 113,
	"ISO3": "jey",
	"name1": "Jersey",
	"name2": "Bailiwick of Jersey",
	"name3": "",
	"name4": "",
	"name5": "",
	"name6": "",
	"name7": ""
}, {
	"ID": 264,
	"ISO3": "",
	"name1": "Johnston Atoll",
	"name2": "",
	"name3": "",
	"name4": "",
	"name5": "",
	"name6": "",
	"name7": ""
}, {
	"ID": 114,
	"ISO3": "jor",
	"name1": "Jordan",
	"name2": "Hashemite Kingdom of Jordan",
	"name3": "",
	"name4": "",
	"name5": "",
	"name6": "",
	"name7": ""
}, {
	"ID": 265,
	"ISO3": "",
	"name1": "Juan De Nova Island",
	"name2": "",
	"name3": "",
	"name4": "",
	"name5": "",
	"name6": "",
	"name7": ""
}, {
	"ID": 115,
	"ISO3": "kaz",
	"name1": "Kazakhstan",
	"name2": "Republic of Kazakhstan",
	"name3": "Kazakstan",
	"name4": "",
	"name5": "",
	"name6": "",
	"name7": ""
}, {
	"ID": 116,
	"ISO3": "ken",
	"name1": "Kenya",
	"name2": "Republic of Kenya",
	"name3": "",
	"name4": "",
	"name5": "",
	"name6": "",
	"name7": ""
}, {
	"ID": 266,
	"ISO3": "",
	"name1": "Kingman Reef",
	"name2": "",
	"name3": "",
	"name4": "",
	"name5": "",
	"name6": "",
	"name7": ""
}, {
	"ID": 117,
	"ISO3": "kir",
	"name1": "Kiribati",
	"name2": "Republic of Kiribati",
	"name3": "",
	"name4": "",
	"name5": "",
	"name6": "",
	"name7": ""
}, {
	"ID": 118,
	"ISO3": "prk",
	"name1": "Korea, Democratic People's Republic of",
	"name2": "Democratic People's Republic of Korea",
	"name3": "Korea, North",
	"name4": "North Korea",
	"name5": "Korea, Dem. Rep.",
	"name6": "Korea, Democratic Republic of",
	"name7": ""
}, {
	"ID": 119,
	"ISO3": "kor",
	"name1": "Korea, Republic of",
	"name2": "Republic of Korea",
	"name3": "Korea, South",
	"name4": "South Korea",
	"name5": "Korea",
	"name6": "Korea, Rep.",
	"name7": ""
}, {
	"ID": 282,
	"ISO3": "kos",
	"name1": "Kosovo",
	"name2": "",
	"name3": "",
	"name4": "",
	"name5": "",
	"name6": "",
	"name7": ""
}, {
	"ID": 120,
	"ISO3": "kwt",
	"name1": "Kuwait",
	"name2": "State of Kuwait",
	"name3": "",
	"name4": "",
	"name5": "",
	"name6": "",
	"name7": ""
}, {
	"ID": 121,
	"ISO3": "kgz",
	"name1": "Kyrgyzstan",
	"name2": "Kyrgyz Republic",
	"name3": "",
	"name4": "",
	"name5": "",
	"name6": "",
	"name7": ""
}, {
	"ID": 122,
	"ISO3": "lao",
	"name1": "Lao People's Democratic Republic",
	"name2": "Laos",
	"name3": "Lao PDR",
	"name4": "",
	"name5": "",
	"name6": "",
	"name7": ""
}, {
	"ID": 123,
	"ISO3": "lva",
	"name1": "Latvia",
	"name2": "Republic of Latvia",
	"name3": "",
	"name4": "",
	"name5": "",
	"name6": "",
	"name7": ""
}, {
	"ID": 124,
	"ISO3": "lbn",
	"name1": "Lebanon",
	"name2": "Lebanese Republic",
	"name3": "",
	"name4": "",
	"name5": "",
	"name6": "",
	"name7": ""
}, {
	"ID": 125,
	"ISO3": "lso",
	"name1": "Lesotho",
	"name2": "Republic of Lesotho",
	"name3": "",
	"name4": "",
	"name5": "",
	"name6": "",
	"name7": ""
}, {
	"ID": 126,
	"ISO3": "lbr",
	"name1": "Liberia",
	"name2": "Republic of Liberia",
	"name3": "",
	"name4": "",
	"name5": "",
	"name6": "",
	"name7": ""
}, {
	"ID": 127,
	"ISO3": "lby",
	"name1": "Libya",
	"name2": "Great Socialist People's Libyan Arab Jamahiriya",
	"name3": "",
	"name4": "",
	"name5": "",
	"name6": "",
	"name7": ""
}, {
	"ID": 128,
	"ISO3": "lie",
	"name1": "Liechtenstein",
	"name2": "Principality of Liechtenstein",
	"name3": "",
	"name4": "",
	"name5": "",
	"name6": "",
	"name7": ""
}, {
	"ID": 129,
	"ISO3": "ltu",
	"name1": "Lithuania",
	"name2": "Republic of Lithuania",
	"name3": "",
	"name4": "",
	"name5": "",
	"name6": "",
	"name7": ""
}, {
	"ID": 130,
	"ISO3": "lux",
	"name1": "Luxembourg",
	"name2": "Grand Duchy of Luxembourg",
	"name3": "",
	"name4": "",
	"name5": "",
	"name6": "",
	"name7": ""
}, {
	"ID": 131,
	"ISO3": "mac",
	"name1": "Macao",
	"name2": "China, Macao Special Administrative Region",
	"name3": "Macau S.A.R",
	"name4": "Macau Special Administrative Region",
	"name5": "Macau S.A.R.",
	"name6": "Macau",
	"name7": "Macao Special Administrative Region of China",
	"name8": "Macao SAR, China                              "
}, {
	"ID": 132,
	"ISO3": "mkd",
	"name1": "Macedonia, The Former Yugoslav Republic of",
	"name2": "The former Yugoslav Republic of Macedonia",
	"name3": "Macedonia",
	"name4": "Republic of Macedonia",
	"name5": "Macedonia, Former Yugoslav Republic of",
	"name6": "Macedonia, FYR",
	"name7": "FYR Macedonia"
}, {
	"ID": 133,
	"ISO3": "mdg",
	"name1": "Madagascar",
	"name2": "Republic of Madagascar",
	"name3": "",
	"name4": "",
	"name5": "",
	"name6": "",
	"name7": ""
}, {
	"ID": 134,
	"ISO3": "mwi",
	"name1": "Malawi",
	"name2": "Republic of Malawi",
	"name3": "",
	"name4": "",
	"name5": "",
	"name6": "",
	"name7": ""
}, {
	"ID": 135,
	"ISO3": "mys",
	"name1": "Malaysia",
	"name2": "",
	"name3": "",
	"name4": "",
	"name5": "",
	"name6": "",
	"name7": ""
}, {
	"ID": 136,
	"ISO3": "mdv",
	"name1": "Maldives",
	"name2": "Republic of Maldives",
	"name3": "",
	"name4": "",
	"name5": "",
	"name6": "",
	"name7": ""
}, {
	"ID": 137,
	"ISO3": "mli",
	"name1": "Mali",
	"name2": "Republic of Mali",
	"name3": "",
	"name4": "",
	"name5": "",
	"name6": "",
	"name7": ""
}, {
	"ID": 138,
	"ISO3": "mlt",
	"name1": "Malta",
	"name2": "Republic of Malta",
	"name3": "",
	"name4": "",
	"name5": "",
	"name6": "",
	"name7": ""
}, {
	"ID": 139,
	"ISO3": "mhl",
	"name1": "Marshall Islands",
	"name2": "Republic of the Marshall Islands",
	"name3": "",
	"name4": "",
	"name5": "",
	"name6": "",
	"name7": ""
}, {
	"ID": 140,
	"ISO3": "mtq",
	"name1": "Martinique",
	"name2": "Department of Martinique",
	"name3": "France, Martinique",
	"name4": "",
	"name5": "",
	"name6": "",
	"name7": ""
}, {
	"ID": 141,
	"ISO3": "mrt",
	"name1": "Mauritania",
	"name2": "Islamic Republic of Mauritania",
	"name3": "",
	"name4": "",
	"name5": "",
	"name6": "",
	"name7": ""
}, {
	"ID": 142,
	"ISO3": "mus",
	"name1": "Mauritius",
	"name2": "Republic of Mauritius",
	"name3": "",
	"name4": "",
	"name5": "",
	"name6": "",
	"name7": ""
}, {
	"ID": 143,
	"ISO3": "myt",
	"name1": "Mayotte",
	"name2": "Territorial Collectivity of Mayotte",
	"name3": "",
	"name4": "",
	"name5": "",
	"name6": "",
	"name7": ""
}, {
	"ID": 144,
	"ISO3": "mex",
	"name1": "Mexico",
	"name2": "United Mexican States",
	"name3": "",
	"name4": "",
	"name5": "",
	"name6": "",
	"name7": ""
}, {
	"ID": 145,
	"ISO3": "fsm",
	"name1": "Micronesia, Federated States of",
	"name2": "Micronesia (Federated States of)",
	"name3": "Federated States of Micronesia",
	"name4": "Micronesia, Fed. States",
	"name5": "Micronesia, Fed. Sts.                       ",
	"name6": "",
	"name7": ""
}, {
	"ID": 267,
	"ISO3": "",
	"name1": "Midway Islands",
	"name2": "",
	"name3": "",
	"name4": "",
	"name5": "",
	"name6": "",
	"name7": ""
}, {
	"ID": 146,
	"ISO3": "mda",
	"name1": "Moldova, Republic of",
	"name2": "Republic of Moldova",
	"name3": "Moldova",
	"name4": "",
	"name5": "",
	"name6": "",
	"name7": ""
}, {
	"ID": 147,
	"ISO3": "mco",
	"name1": "Monaco",
	"name2": "Principality of Monaco",
	"name3": "",
	"name4": "",
	"name5": "",
	"name6": "",
	"name7": ""
}, {
	"ID": 148,
	"ISO3": "mng",
	"name1": "Mongolia",
	"name2": "",
	"name3": "",
	"name4": "",
	"name5": "",
	"name6": "",
	"name7": ""
}, {
	"ID": 149,
	"ISO3": "mne",
	"name1": "Montenegro",
	"name2": "",
	"name3": "",
	"name4": "",
	"name5": "",
	"name6": "",
	"name7": ""
}, {
	"ID": 150,
	"ISO3": "msr",
	"name1": "Montserrat",
	"name2": "",
	"name3": "",
	"name4": "",
	"name5": "",
	"name6": "",
	"name7": ""
}, {
	"ID": 151,
	"ISO3": "mar",
	"name1": "Morocco",
	"name2": "Kingdom of Morocco",
	"name3": "",
	"name4": "",
	"name5": "",
	"name6": "",
	"name7": ""
}, {
	"ID": 152,
	"ISO3": "moz",
	"name1": "Mozambique",
	"name2": "Republic of Mozambique",
	"name3": "",
	"name4": "",
	"name5": "",
	"name6": "",
	"name7": ""
}, {
	"ID": 153,
	"ISO3": "mmr",
	"name1": "Myanmar",
	"name2": "Burma",
	"name3": "Union of Burma",
	"name4": "",
	"name5": "",
	"name6": "",
	"name7": ""
}, {
	"ID": 154,
	"ISO3": "nam",
	"name1": "Namibia",
	"name2": "Republic of Namibia",
	"name3": "",
	"name4": "",
	"name5": "",
	"name6": "",
	"name7": ""
}, {
	"ID": 155,
	"ISO3": "nru",
	"name1": "Nauru",
	"name2": "Republic of Nauru",
	"name3": "",
	"name4": "",
	"name5": "",
	"name6": "",
	"name7": ""
}, {
	"ID": 268,
	"ISO3": "",
	"name1": "Navassa Island",
	"name2": "",
	"name3": "",
	"name4": "",
	"name5": "",
	"name6": "",
	"name7": ""
}, {
	"ID": 156,
	"ISO3": "npl",
	"name1": "Nepal",
	"name2": "Kingdom of Nepal",
	"name3": "",
	"name4": "",
	"name5": "",
	"name6": "",
	"name7": ""
}, {
	"ID": 157,
	"ISO3": "nld",
	"name1": "Netherlands",
	"name2": "Kingdom of the Netherlands",
	"name3": "The Netherlands",
	"name4": "",
	"name5": "",
	"name6": "",
	"name7": ""
}, {
	"ID": 269,
	"ISO3": "",
	"name1": "Netherlands Antilles",
	"name2": "",
	"name3": "",
	"name4": "",
	"name5": "",
	"name6": "",
	"name7": ""
}, {
	"ID": 158,
	"ISO3": "ncl",
	"name1": "New Caledonia",
	"name2": "Territory of New Caledonia and Dependencies",
	"name3": "",
	"name4": "",
	"name5": "",
	"name6": "",
	"name7": ""
}, {
	"ID": 159,
	"ISO3": "nzl",
	"name1": "New Zealand",
	"name2": "",
	"name3": "",
	"name4": "",
	"name5": "",
	"name6": "",
	"name7": ""
}, {
	"ID": 160,
	"ISO3": "nic",
	"name1": "Nicaragua",
	"name2": "Republic of Nicaragua",
	"name3": "",
	"name4": "",
	"name5": "",
	"name6": "",
	"name7": ""
}, {
	"ID": 161,
	"ISO3": "ner",
	"name1": "Niger",
	"name2": "Republic of Niger",
	"name3": "",
	"name4": "",
	"name5": "",
	"name6": "",
	"name7": ""
}, {
	"ID": 162,
	"ISO3": "nga",
	"name1": "Nigeria",
	"name2": "Federal Republic of Nigeria",
	"name3": "",
	"name4": "",
	"name5": "",
	"name6": "",
	"name7": ""
}, {
	"ID": 163,
	"ISO3": "niu",
	"name1": "Niue",
	"name2": "",
	"name3": "",
	"name4": "",
	"name5": "",
	"name6": "",
	"name7": ""
}, {
	"ID": 164,
	"ISO3": "nfk",
	"name1": "Norfolk Island",
	"name2": "Territory of Norfolk Island",
	"name3": "",
	"name4": "",
	"name5": "",
	"name6": "",
	"name7": ""
}, {
	"ID": 165,
	"ISO3": "mnp",
	"name1": "Northern Mariana Islands",
	"name2": "Commonwealth of the Northern Mariana Islands",
	"name3": "",
	"name4": "",
	"name5": "",
	"name6": "",
	"name7": ""
}, {
	"ID": 166,
	"ISO3": "nor",
	"name1": "Norway",
	"name2": "Kingdom of Norway",
	"name3": "",
	"name4": "",
	"name5": "",
	"name6": "",
	"name7": ""
}, {
	"ID": 167,
	"ISO3": "omn",
	"name1": "Oman",
	"name2": "Sultanate of Oman",
	"name3": "",
	"name4": "",
	"name5": "",
	"name6": "",
	"name7": ""
}, {
	"ID": 168,
	"ISO3": "pak",
	"name1": "Pakistan",
	"name2": "Islamic Republic of Pakistan",
	"name3": "",
	"name4": "",
	"name5": "",
	"name6": "",
	"name7": ""
}, {
	"ID": 169,
	"ISO3": "plw",
	"name1": "Palau",
	"name2": "Republic of Palau",
	"name3": "",
	"name4": "",
	"name5": "",
	"name6": "",
	"name7": ""
}, {
	"ID": 170,
	"ISO3": "pse",
	"name1": "Palestinian Territory, Occupied",
	"name2": "Occupied Palestinian Territory",
	"name3": "",
	"name4": "",
	"name5": "",
	"name6": "",
	"name7": ""
}, {
	"ID": 270,
	"ISO3": "",
	"name1": "Palmyra Atoll",
	"name2": "",
	"name3": "",
	"name4": "",
	"name5": "",
	"name6": "",
	"name7": ""
}, {
	"ID": 171,
	"ISO3": "pan",
	"name1": "Panama",
	"name2": "Republic of Panama",
	"name3": "",
	"name4": "",
	"name5": "",
	"name6": "",
	"name7": ""
}, {
	"ID": 172,
	"ISO3": "png",
	"name1": "Papua New Guinea",
	"name2": "Independent State of Papua New Guinea",
	"name3": "",
	"name4": "",
	"name5": "",
	"name6": "",
	"name7": ""
}, {
	"ID": 271,
	"ISO3": "",
	"name1": "Paracel Islands",
	"name2": "",
	"name3": "",
	"name4": "",
	"name5": "",
	"name6": "",
	"name7": ""
}, {
	"ID": 173,
	"ISO3": "pry",
	"name1": "Paraguay",
	"name2": "Republic of Paraguay",
	"name3": "",
	"name4": "",
	"name5": "",
	"name6": "",
	"name7": ""
}, {
	"ID": 174,
	"ISO3": "per",
	"name1": "Peru",
	"name2": "Republic of Peru",
	"name3": "",
	"name4": "",
	"name5": "",
	"name6": "",
	"name7": ""
}, {
	"ID": 175,
	"ISO3": "phl",
	"name1": "Philippines",
	"name2": "Republic of the Philippines",
	"name3": "",
	"name4": "",
	"name5": "",
	"name6": "",
	"name7": ""
}, {
	"ID": 176,
	"ISO3": "pcn",
	"name1": "Pitcairn",
	"name2": "Pitcairn Islands",
	"name3": "Pitcairn, Henderson, Ducie and Oeno Islands",
	"name4": "Pitcairn Island",
	"name5": "",
	"name6": "",
	"name7": ""
}, {
	"ID": 177,
	"ISO3": "pol",
	"name1": "Poland",
	"name2": "Republic of Poland",
	"name3": "",
	"name4": "",
	"name5": "",
	"name6": "",
	"name7": ""
}, {
	"ID": 178,
	"ISO3": "prt",
	"name1": "Portugal",
	"name2": "Portuguese Republic",
	"name3": "",
	"name4": "",
	"name5": "",
	"name6": "",
	"name7": ""
}, {
	"ID": 281,
	"ISO3": "",
	"name1": "Portuguese Timor",
	"name2": "",
	"name3": "",
	"name4": "",
	"name5": "",
	"name6": "",
	"name7": ""
}, {
	"ID": 179,
	"ISO3": "pri",
	"name1": "Puerto Rico",
	"name2": "Commonwealth of Puerto Rico",
	"name3": "",
	"name4": "",
	"name5": "",
	"name6": "",
	"name7": ""
}, {
	"ID": 180,
	"ISO3": "qat",
	"name1": "Qatar",
	"name2": "State of Qatar",
	"name3": "",
	"name4": "",
	"name5": "",
	"name6": "",
	"name7": ""
}, {
	"ID": 181,
	"ISO3": "reu",
	"name1": "Reunion",
	"name2": "Department of Reunion",
	"name3": "",
	"name4": "",
	"name5": "",
	"name6": "",
	"name7": ""
}, {
	"ID": 182,
	"ISO3": "rou",
	"name1": "Romania",
	"name2": "",
	"name3": "",
	"name4": "",
	"name5": "",
	"name6": "",
	"name7": ""
}, {
	"ID": 183,
	"ISO3": "rus",
	"name1": "Russian Federation",
	"name2": "Russia",
	"name3": "",
	"name4": "",
	"name5": "",
	"name6": "",
	"name7": ""
}, {
	"ID": 184,
	"ISO3": "rwa",
	"name1": "Rwanda",
	"name2": "Rwandese Republic",
	"name3": "",
	"name4": "",
	"name5": "",
	"name6": "",
	"name7": ""
}, {
	"ID": 185,
	"ISO3": "blm",
	"name1": "Saint Barthelemy",
	"name2": "Saint-Barthelemy",
	"name3": "",
	"name4": "",
	"name5": "",
	"name6": "",
	"name7": ""
}, {
	"ID": 186,
	"ISO3": "shn",
	"name1": "Saint Helena, Ascension and Tristan da Cunha",
	"name2": "Saint Helena",
	"name3": "St. Helena",
	"name4": "",
	"name5": "",
	"name6": "",
	"name7": ""
}, {
	"ID": 187,
	"ISO3": "kna",
	"name1": "Saint Kitts and Nevis",
	"name2": "Federation of Saint Kitts and Nevis",
	"name3": "St. Kitts-Nevis",
	"name4": "St. Kitts and Nevis",
	"name5": "St. Kitts & Nevis",
	"name6": "Saint Kitts & Nevis",
	"name7": ""
}, {
	"ID": 188,
	"ISO3": "lca",
	"name1": "Saint Lucia",
	"name2": "St. Lucia",
	"name3": "",
	"name4": "",
	"name5": "",
	"name6": "",
	"name7": ""
}, {
	"ID": 189,
	"ISO3": "maf",
	"name1": "Saint Martin (French part)",
	"name2": "Saint-Martin (French part)",
	"name3": "Saint-Martin",
	"name4": "Saint Martin",
	"name5": "St. Martin (French part)                      ",
	"name6": "",
	"name7": ""
}, {
	"ID": 190,
	"ISO3": "spm",
	"name1": "Saint Pierre and Miquelon",
	"name2": "Territorial Collectivity of Saint Pierre and Miquelon",
	"name3": "",
	"name4": "",
	"name5": "",
	"name6": "",
	"name7": ""
}, {
	"ID": 191,
	"ISO3": "vct",
	"name1": "Saint Vincent and the Grenadines",
	"name2": "St.Vincent & Grenadines",
	"name3": "St. Vincent and the Grenadines",
	"name4": "",
	"name5": "",
	"name6": "",
	"name7": ""
}, {
	"ID": 192,
	"ISO3": "wsm",
	"name1": "Samoa",
	"name2": "Independent State of Samoa",
	"name3": "",
	"name4": "",
	"name5": "",
	"name6": "",
	"name7": ""
}, {
	"ID": 193,
	"ISO3": "smr",
	"name1": "San Marino",
	"name2": "Republic of San Marino",
	"name3": "",
	"name4": "",
	"name5": "",
	"name6": "",
	"name7": ""
}, {
	"ID": 194,
	"ISO3": "stp",
	"name1": "Sao Tome and Principe",
	"name2": "Democratic Republic of Sao Tome and Principe",
	"name3": "Sao Tome & Principe",
	"name4": "",
	"name5": "",
	"name6": "",
	"name7": ""
}, {
	"ID": 251,
	"ISO3": "",
	"name1": "Sark",
	"name2": "",
	"name3": "",
	"name4": "",
	"name5": "",
	"name6": "",
	"name7": ""
}, {
	"ID": 195,
	"ISO3": "sau",
	"name1": "Saudi Arabia",
	"name2": "Kingdom of Saudi Arabia",
	"name3": "",
	"name4": "",
	"name5": "",
	"name6": "",
	"name7": ""
}, {
	"ID": 196,
	"ISO3": "sen",
	"name1": "Senegal",
	"name2": "Republic of Senegal",
	"name3": "",
	"name4": "",
	"name5": "",
	"name6": "",
	"name7": ""
}, {
	"ID": 197,
	"ISO3": "srb",
	"name1": "Serbia",
	"name2": "",
	"name3": "",
	"name4": "",
	"name5": "",
	"name6": "",
	"name7": ""
}, {
	"ID": 252,
	"ISO3": "",
	"name1": "Serbia and Montenegro",
	"name2": "",
	"name3": "",
	"name4": "",
	"name5": "",
	"name6": "",
	"name7": ""
}, {
	"ID": 198,
	"ISO3": "syc",
	"name1": "Seychelles",
	"name2": "Republic of Seychelles",
	"name3": "",
	"name4": "",
	"name5": "",
	"name6": "",
	"name7": ""
}, {
	"ID": 199,
	"ISO3": "sle",
	"name1": "Sierra Leone",
	"name2": "Republic of Sierra Leone",
	"name3": "",
	"name4": "",
	"name5": "",
	"name6": "",
	"name7": ""
}, {
	"ID": 200,
	"ISO3": "sgp",
	"name1": "Singapore",
	"name2": "Republic of Singapore",
	"name3": "",
	"name4": "",
	"name5": "",
	"name6": "",
	"name7": ""
}, {
	"ID": 201,
	"ISO3": "sxm",
	"name1": "Sint Maarten (Dutch part)",
	"name2": "",
	"name3": "",
	"name4": "",
	"name5": "",
	"name6": "",
	"name7": ""
}, {
	"ID": 202,
	"ISO3": "svk",
	"name1": "Slovakia",
	"name2": "Slovak Republic",
	"name3": "",
	"name4": "",
	"name5": "",
	"name6": "",
	"name7": ""
}, {
	"ID": 203,
	"ISO3": "svn",
	"name1": "Slovenia",
	"name2": "Republic of Slovenia",
	"name3": "",
	"name4": "",
	"name5": "",
	"name6": "",
	"name7": ""
}, {
	"ID": 204,
	"ISO3": "slb",
	"name1": "Solomon Islands",
	"name2": "",
	"name3": "",
	"name4": "",
	"name5": "",
	"name6": "",
	"name7": ""
}, {
	"ID": 205,
	"ISO3": "som",
	"name1": "Somalia",
	"name2": "",
	"name3": "",
	"name4": "",
	"name5": "",
	"name6": "",
	"name7": ""
}, {
	"ID": 206,
	"ISO3": "zaf",
	"name1": "South Africa",
	"name2": "Republic of South Africa",
	"name3": "South African Republic",
	"name4": "",
	"name5": "",
	"name6": "",
	"name7": ""
}, {
	"ID": 207,
	"ISO3": "",
	"name1": "South Georgia and the South Sandwich Islands",
	"name2": "South Georgia and the Islands",
	"name3": "",
	"name4": "",
	"name5": "",
	"name6": "",
	"name7": ""
}, {
	"ID": 208,
	"ISO3": "ssd",
	"name1": "South Sudan",
	"name2": "",
	"name3": "",
	"name4": "",
	"name5": "",
	"name6": "",
	"name7": ""
}, {
	"ID": 280,
	"ISO3": "",
	"name1": "Soviet Union",
	"name2": "",
	"name3": "",
	"name4": "",
	"name5": "",
	"name6": "",
	"name7": ""
}, {
	"ID": 209,
	"ISO3": "esp",
	"name1": "Spain",
	"name2": "Kingdom of Spain",
	"name3": "",
	"name4": "",
	"name5": "",
	"name6": "",
	"name7": ""
}, {
	"ID": 272,
	"ISO3": "",
	"name1": "Spratly Islands",
	"name2": "",
	"name3": "",
	"name4": "",
	"name5": "",
	"name6": "",
	"name7": ""
}, {
	"ID": 210,
	"ISO3": "lka",
	"name1": "Sri Lanka",
	"name2": "Democratic Socialist Republic of Sri Lanka",
	"name3": "",
	"name4": "",
	"name5": "",
	"name6": "",
	"name7": ""
}, {
	"ID": 211,
	"ISO3": "sdn",
	"name1": "Sudan",
	"name2": "Republic of the Sudan",
	"name3": "",
	"name4": "",
	"name5": "",
	"name6": "",
	"name7": ""
}, {
	"ID": 212,
	"ISO3": "sur",
	"name1": "Suriname",
	"name2": "Republic of Suriname",
	"name3": "",
	"name4": "",
	"name5": "",
	"name6": "",
	"name7": ""
}, {
	"ID": 213,
	"ISO3": "sjm",
	"name1": "Svalbard and Jan Mayen",
	"name2": "Svalbard and Jan Mayen Islands",
	"name3": "Svalbard",
	"name4": "",
	"name5": "",
	"name6": "",
	"name7": ""
}, {
	"ID": 214,
	"ISO3": "swz",
	"name1": "Swaziland",
	"name2": "Kingdom of Swaziland",
	"name3": "",
	"name4": "",
	"name5": "",
	"name6": "",
	"name7": ""
}, {
	"ID": 215,
	"ISO3": "swe",
	"name1": "Sweden",
	"name2": "Kingdom of Sweden",
	"name3": "",
	"name4": "",
	"name5": "",
	"name6": "",
	"name7": ""
}, {
	"ID": 216,
	"ISO3": "che",
	"name1": "Switzerland",
	"name2": "Swiss Confederation",
	"name3": "",
	"name4": "",
	"name5": "",
	"name6": "",
	"name7": ""
}, {
	"ID": 217,
	"ISO3": "syr",
	"name1": "Syrian Arab Republic",
	"name2": "Syria",
	"name3": "Golan Heights (Israeli-occupied)",
	"name4": "",
	"name5": "",
	"name6": "",
	"name7": ""
}, {
	"ID": 218,
	"ISO3": "twn",
	"name1": "Taiwan, Province of China",
	"name2": "Taiwan",
	"name3": "Chinese Taipei",
	"name4": "Republic of China",
	"name5": "ROC",
	"name6": "",
	"name7": ""
}, {
	"ID": 219,
	"ISO3": "tjk",
	"name1": "Tajikistan",
	"name2": "Republic of Tajikistan",
	"name3": "",
	"name4": "",
	"name5": "",
	"name6": "",
	"name7": ""
}, {
	"ID": 220,
	"ISO3": "tza",
	"name1": "Tanzania, United Republic of",
	"name2": "United Republic of Tanzania",
	"name3": "Tanzania",
	"name4": "",
	"name5": "",
	"name6": "",
	"name7": ""
}, {
	"ID": 221,
	"ISO3": "tha",
	"name1": "Thailand",
	"name2": "Kingdom of Thailand",
	"name3": "",
	"name4": "",
	"name5": "",
	"name6": "",
	"name7": ""
}, {
	"ID": 222,
	"ISO3": "tls",
	"name1": "Timor-Leste",
	"name2": "East Timor",
	"name3": "",
	"name4": "",
	"name5": "",
	"name6": "",
	"name7": ""
}, {
	"ID": 223,
	"ISO3": "tgo",
	"name1": "Togo",
	"name2": "Togolese Republic",
	"name3": "",
	"name4": "",
	"name5": "",
	"name6": "",
	"name7": ""
}, {
	"ID": 224,
	"ISO3": "tkl",
	"name1": "Tokelau",
	"name2": "",
	"name3": "",
	"name4": "",
	"name5": "",
	"name6": "",
	"name7": ""
}, {
	"ID": 225,
	"ISO3": "ton",
	"name1": "Tonga",
	"name2": "Kingdom of Tonga",
	"name3": "",
	"name4": "",
	"name5": "",
	"name6": "",
	"name7": ""
}, {
	"ID": 226,
	"ISO3": "tto",
	"name1": "Trinidad and Tobago",
	"name2": "Republic of Trinidad and Tobago",
	"name3": "",
	"name4": "",
	"name5": "",
	"name6": "",
	"name7": ""
}, {
	"ID": 274,
	"ISO3": "",
	"name1": "Tromelin Island",
	"name2": "",
	"name3": "",
	"name4": "",
	"name5": "",
	"name6": "",
	"name7": ""
}, {
	"ID": 227,
	"ISO3": "tun",
	"name1": "Tunisia",
	"name2": "Republic of Tunisia",
	"name3": "",
	"name4": "",
	"name5": "",
	"name6": "",
	"name7": ""
}, {
	"ID": 228,
	"ISO3": "tur",
	"name1": "Turkey",
	"name2": "Republic of Turkey",
	"name3": "",
	"name4": "",
	"name5": "",
	"name6": "",
	"name7": ""
}, {
	"ID": 229,
	"ISO3": "tkm",
	"name1": "Turkmenistan",
	"name2": "",
	"name3": "",
	"name4": "",
	"name5": "",
	"name6": "",
	"name7": ""
}, {
	"ID": 230,
	"ISO3": "tca",
	"name1": "Turks and Caicos Islands",
	"name2": "",
	"name3": "",
	"name4": "",
	"name5": "",
	"name6": "",
	"name7": ""
}, {
	"ID": 231,
	"ISO3": "tuv",
	"name1": "Tuvalu",
	"name2": "",
	"name3": "",
	"name4": "",
	"name5": "",
	"name6": "",
	"name7": ""
}, {
	"ID": 232,
	"ISO3": "uga",
	"name1": "Uganda",
	"name2": "",
	"name3": "",
	"name4": "",
	"name5": "",
	"name6": "",
	"name7": ""
}, {
	"ID": 233,
	"ISO3": "ukr",
	"name1": "Ukraine",
	"name2": "",
	"name3": "",
	"name4": "",
	"name5": "",
	"name6": "",
	"name7": ""
}, {
	"ID": 234,
	"ISO3": "are",
	"name1": "United Arab Emirates",
	"name2": "",
	"name3": "",
	"name4": "",
	"name5": "",
	"name6": "",
	"name7": ""
}, {
	"ID": 235,
	"ISO3": "gbr",
	"name1": "United Kingdom",
	"name2": "United Kingdom of Great Britain and Northern Ireland",
	"name3": "Great Britain",
	"name4": "UK",
	"name5": "",
	"name6": "",
	"name7": ""
}, {
	"ID": 236,
	"ISO3": "usa",
	"name1": "United States",
	"name2": "United States of America",
	"name3": "US",
	"name4": "USA",
	"name5": "U.S.A.",
	"name6": "U.S.",
	"name7": ""
}, {
	"ID": 237,
	"ISO3": "umi",
	"name1": "United States Minor Outlying Islands",
	"name2": "",
	"name3": "",
	"name4": "",
	"name5": "",
	"name6": "",
	"name7": ""
}, {
	"ID": 238,
	"ISO3": "ury",
	"name1": "Uruguay",
	"name2": "Oriental Republic of Uruguay",
	"name3": "",
	"name4": "",
	"name5": "",
	"name6": "",
	"name7": ""
}, {
	"ID": 239,
	"ISO3": "uzb",
	"name1": "Uzbekistan",
	"name2": "Republic of Uzbekistan",
	"name3": "",
	"name4": "",
	"name5": "",
	"name6": "",
	"name7": ""
}, {
	"ID": 240,
	"ISO3": "vut",
	"name1": "Vanuatu",
	"name2": "Republic of Vanuatu",
	"name3": "",
	"name4": "",
	"name5": "",
	"name6": "",
	"name7": ""
}, {
	"ID": 241,
	"ISO3": "ven",
	"name1": "Venezuela, Bolivarian Republic of",
	"name2": "Venezuela (Bolivarian Republic of)",
	"name3": "Venezuela",
	"name4": "Bolivarian Republic of Venezuela",
	"name5": "Venezuela, RB",
	"name6": "",
	"name7": ""
}, {
	"ID": 242,
	"ISO3": "vnm",
	"name1": "Viet Nam",
	"name2": "Vietnam",
	"name3": "Socialist Republic of Vietnam",
	"name4": "",
	"name5": "",
	"name6": "",
	"name7": ""
}, {
	"ID": 243,
	"ISO3": "vgb",
	"name1": "Virgin Islands, British",
	"name2": "British Virgin Islands",
	"name3": "Virgin Islands (UK)",
	"name4": "",
	"name5": "",
	"name6": "",
	"name7": ""
}, {
	"ID": 244,
	"ISO3": "vir",
	"name1": "Virgin Islands, U.S.",
	"name2": "United States Virgin Islands",
	"name3": "Virgin Islands",
	"name4": "Virgin Islands of the United States",
	"name5": "Virgin Islands (US)",
	"name6": "Virgin Islands (U.S.)",
	"name7": ""
}, {
	"ID": 275,
	"ISO3": "",
	"name1": "Wake Atoll",
	"name2": "",
	"name3": "",
	"name4": "",
	"name5": "",
	"name6": "",
	"name7": ""
}, {
	"ID": 245,
	"ISO3": "wlf",
	"name1": "Wallis and Futuna",
	"name2": "Wallis and Futuna Islands",
	"name3": "Territory of the Wallis and Futuna Islands",
	"name4": "",
	"name5": "",
	"name6": "",
	"name7": ""
}, {
	"ID": 276,
	"ISO3": "pse",
	"name1": "West Bank",
	"name2": "Palestine",
	"name3": "West Bank and Gaza",
	"name4": "",
	"name5": "",
	"name6": "",
	"name7": ""
}, {
	"ID": 246,
	"ISO3": "esh",
	"name1": "Western Sahara",
	"name2": "",
	"name3": "",
	"name4": "",
	"name5": "",
	"name6": "",
	"name7": ""
}, {
	"ID": 247,
	"ISO3": "yem",
	"name1": "Yemen",
	"name2": "Republic of Yemen",
	"name3": "Yemen, Rep.",
	"name4": "",
	"name5": "",
	"name6": "",
	"name7": ""
}, {
	"ID": 248,
	"ISO3": "zmb",
	"name1": "Zambia",
	"name2": "Republic of Zambia",
	"name3": "",
	"name4": "",
	"name5": "",
	"name6": "",
	"name7": ""
}, {
	"ID": 249,
	"ISO3": "zwe",
	"name1": "Zimbabwe",
	"name2": "Republic of Zimbabwe",
	"name3": "",
	"name4": "",
	"name5": "",
	"name6": "",
	"name7": ""
}]